domain,sub_domain,control_number,control_title,description
M1: Strategy and Planning,M1.1: Entity Context and Leadership,M1.1.1,Understanding the Entity and its Context,The entity shall determine external and internal factors that affect its ability to achieve the intended success of information security arrangements. Sub-Control: The entity shall determine: 1) interested parties that are relevant to its information security; 2) the requirements of these interested parties; 3) factors related to its sector or national context; 4) its internal capabilities; 5) its organizational structure.
M1: Strategy and Planning,M1.1: Entity Context and Leadership,M1.1.2,Leadership and Management Commitment,"The entity’s top management shall demonstrate leadership and commitment to information security. Sub-Control: Top management commitment shall: 1) ensure the information security policy and the information security objectives are established and are compatible with the strategic direction of the entity; 2) ensure the integration of the information security requirements into the entity’s processes; 3) ensure that the resources needed for information security are available; 4) communicate the importance of the effectiveness of information security management; 5) direct and support persons to contribute to the effectiveness of information security and conforming to the requirements of these; 6) promote continual improvement; 7) support other relevant management roles to demonstrate their leadership as it applies to their areas of responsibility; 8) give direction to and participate in reviews of information security, including risks, controls and effectiveness, on a high level."
M1: Strategy and Planning,M1.1: Entity Context and Leadership,M1.1.3,Roles and Responsibilities for Information Security,"The entity shall ensure that the responsibilities and authorities of roles for information security are assigned and communicated. Sub-Control: Top management shall assign the responsibility and the authority for: 1) ensuring that the information security implemented in the entity conforms to the requirements of the UAE IA Regulation; 2) reporting on the performance of information security to top management. Top management shall ensure that: 3) an Information Security Manager is appointed to take overall responsibility for the establishment, implementation, maintenance and continual improvement of information security; 4) an Information Security Committee is established that oversees and governs the establishment, implementation, maintenance and continual improvement of information security in the entity, and that integrates information security in the entity."
M1: Strategy and Planning,M1.2: Information Security Policy,M1.2.1,Information Security Policy,"The entity’s top management shall establish a policy for information security in the entity. Sub-Control: The information security policy shall: 1) be appropriate to the purpose of the entity; 2) provide the framework for setting information security objectives and/or include information security objectives; 3) include a commitment to satisfy all applicable information security requirements; 4) include a commitment to continual improvement of the information security management system; 5) be documented; 6) be maintained, reviewed and updated at planned intervals or if significant changes occur."
M1: Strategy and Planning,M1.2: Information Security Policy,M1.2.2,Supporting Policies for Information Security,"The entity shall establish and communicate a set of supporting policies for information security. Sub-Control: The set of supporting information security policies shall: 1) be defined, approved, published and communicated to employees and relevant external parties; 2) address all aspects of information security that are included in this Regulation, based on the risk assessment; 3) address sector-specific and standards; 4) be suitable to the entity and shall have a clearly identified audience; 5) reflect the implementation the entity has chosen and shall not include any statements the entity does not comply with; 6) include commitment of the Top Management; 7) be documented; 8) be maintained, reviewed and updated at planned intervals or if significant changes occur."
M1: Strategy and Planning,M1.3: Organization of Information Security,M1.3.1,Authorization Process for Information Systems,The entity shall establish a management authorization process for new information systems. Sub-Control: The entity shall: 1) define and implement a management authorization process for new information systems; 2) regulate the use of personal information systems for processing business information.
M1: Strategy and Planning,M1.3: Organization of Information Security,M1.3.2,Confidentiality Agreements,The entity shall establish requirements for confidentiality or non-disclosure agreements reflecting the entity’s needs for the protection of information. Sub-Control: The entity shall: 1) define a Non-Disclosure Agreement (NDA) template to be used to legally protect confidential information and ownership of information; 2) have an information classification process in place to identify which information is subject to the terms of the NDA; 3) keep a track record of all signed NDAs and perform a periodical review.
M1: Strategy and Planning,M1.3: Organization of Information Security,M1.3.3,Contact with Authorities,"The entity shall maintain appropriate contacts with relevant authorities. Sub-Control: The entity shall: 1) identify all relevant national authorities, including sector specific regulators; 2) identify a Point of Contact in the Entity and communicate his/her name to the identified authorities, if required or allowed; 3) establish a policy to determine when and how to engage relevant authorities."
M1: Strategy and Planning,M1.3: Organization of Information Security,M1.3.4,Contact with Special Interest Groups,"The entity shall maintain, as far as possible, appropriate contacts with relevant special interest groups. Sub-Control: The entity shall: 1) identify all relevant national and international interest groups or working groups or other specialist security forums and professional associations; 2) allocate the right resources in order to properly support the group; 3) define what participating employees are allowed to share; 4) allow sharing and circulation of information inside the entity, as permitted by interest group rules."
M1: Strategy and Planning,M1.3: Organization of Information Security,M1.3.5,Identification of Risks Related to External Parties,The entity shall identify and properly manage the risks related to its information and information systems from business processes involving external parties. Sub-Control: The entity shall: 1) identify risks to its information and information systems and implement the appropriate controls before granting access to any external party; 2) define an external party access policy; 3) identify and adopt proper controls to limit physical and logical access to information assets and entity information systems; 4) monitor external party access to entity information and entity information systems.
M1: Strategy and Planning,M1.3: Organization of Information Security,M1.3.6,Addressing Security When Dealing With Customers,The entity shall address all identified security requirements before giving customers access to the entity’s information or assets. Sub-Control: The entity shall: 1) make sure that any customer accessing entity information and information systems are compliant with the entity’s information security policy and security requirements; 2) monitor any customer access and verify compliance to agreed access control policy.
M1: Strategy and Planning,M1.3: Organization of Information Security,M1.3.7,Addressing Security in Third Party Agreements,"The entity shall have agreements that cover all relevant security requirements with third parties to handle the entity’s information assets. Sub-Control: The entity shall: 1) verify that any contract or agreement with third parties addresses all aspects of the entity’s information security policy regarding accessing, processing, communicating or managing the entity’s information or information systems, or adding products or services to information systems; 2) make sure that proper controls are introduced in the contract in order to verify compliance with the agreed security objectives; 3) perform audit of third parties services and infrastructures to verify compliance with agreed security objectives."
M1: Strategy and Planning,M1.4: Support,M1.4.1,Resources,"The entity shall determine and provide the appropriate resources needed for the entity’s information security continual improvement. Sub-Control: The entity shall ensure for the establishment, implementation, maintenance and continual improvement of its information security that: 1) the amount of human and financial resources provided shall be adequate for the work to be carried out for information security; 2) the allocated human resources shall be sufficiently competent for their information security roles and responsibilities, including determining necessary competence, ensuring competence through education, training or experience, taking actions to acquire necessary competence and evaluating effectiveness, and retaining documented evidence of competence."
M1: Strategy and Planning,M1.4: Support,M1.4.2,Internal and External Communication,"The entity shall determine the plan and mechanism for internal and external communications in support of its information security. Sub-Control: The entity shall: 1) determine on what to communicate, when to communicate, with whom to communicate, who shall communicate, and the processes by which communication shall be effected; 2) ensure that adequate communication can be maintained with the designated UAE Government entities; 3) document the communication plan."
M1: Strategy and Planning,M1.4: Support,M1.4.3,Documentation,"The entity shall maintain, protect and control documentation of its information security controls and their implementation. Sub-Control: The entity shall ensure that: 1) documents are approved prior to issue; 2) documents are reviewed and updated as necessary; 3) changes and the current revision status of documents are identified; 4) documents remain legible and readily identifiable; 5) documents are available to those who need them, are transferred and stored in accordance with procedures applicable to their classification; 6) documents are disposed of in accordance with procedures applicable to their classification; 7) documents of external origin are identified; 8) the distribution of documents is controlled; 9) the unintended use of obsolete documents is prevented and up-to-date versions are available; 10) suitable identification is applied to documents if they are retained for any purpose; and the entity shall document compliance with the mandatory controls in a way that allows unique reference to the requirements of this Regulation."
M2: Information Security Risk Management,M2.1: Information Security Risk Management Policy,M2.1.1,Information Security Risk Priority P1 Management Policy,"The entity shall establish a formal information security risk management policy. Sub-Control The information security risk management policy shall: 1) take into account relevant TRA’s issuances in regard to risk management 2) be documented and formally approved 3) addresses the purpose and scope of critical services and their supporting functions 4) categorize Information Asset based on its criticality 5) addresses roles and responsibilities of the risk assessment team involved 6) establish and maintain information security basic criteria, including the risk acceptance criteria, impact criteria, and risk evaluation criteria 7) contain a risk treatment strategy 8) contain a risk monitoring and review strategy 9) determine the criteria for performing, reviewing and updating information security risk assessments 10) ensure that repeated information security risk assessments produce consistent, valid and comparable results"
M2: Information Security Risk Management,M2.2: Information Security Risk Assessment,M2.2.1,Information Security Risk Priority P1 Identification,"The entity shall identify its information security risks. Sub-Control The entity shall: 1) apply the information security risk assessment process to identify risks associated with the loss of confidentiality, integrity and availability for its information by: • define the scope of the risk assessment exercise • identify critical business functions • identify critical information systems supporting business critical functions within the scope and boundary of the risk assessment • identifying vulnerabilities related to the information and information systems. (see also T 7.7) • identify existing information security controls • Identifying threats and threat sources 2) identify the risk owners 3) document the results of the risk identification."
M2: Information Security Risk Management,M2.2: Information Security Risk Assessment,M2.2.2,Information Security Risk Priority P1 Analysis,"The entity shall analyze its information security risks. Sub-Control The entity shall: 1) assess the potential consequences that would result if the identified risks were to materialize by assessing the consequences of losses of confidentiality, integrity or availability 2) assess the realistic likelihood of the occurrence of the identified risks based on the existing controls, identified vulnerabilities and threats 3) determine the levels of risk 4) document the results of the risk analysis"
M2: Information Security Risk Management,M2.2: Information Security Risk Assessment,M2.2.3,Information Security Risk Priority P1 Evaluation,"The entity shall evaluate its information security risks. Sub-Control The entity shall: 1) compare the analyzed risks with the risk criteria established in the information security risk management policy (See M2.1.1) 2) establish priorities for treatment of the identified risks 3) document the results of the risk evaluation and share with national and sector authorities, as required."
M2: Information Security Risk Management,M2.3: Information Security Risk Treatment,M2.3.1,Information Security Risk Priority P1 Treatment Options,"The entity shall select appropriate information security risk treatment options, taking account of the risk assessment results. Sub-Control 1) The entity shall consider the following risk treatment options and select one or more of them for each of the risks that have been assessed: • Risk Reduction – Reducing the risk by applying security controls • Risk Retention – Accepting the risk based on the entity’s risk accepting criteria established on the information management risk policy (See M2.1.1) • Risk Avoidance – Avoiding the activity or condition causing the risk • Risk Transfer – Transferring the risk to another party 2) The entity shall assess the risk treatment chosen to ensure that the selection of risk treatment options is successful by: • deciding whether residual risk levels are tolerable • if not tolerable, generating a new risk treatment • assessing the effectiveness of that treatment (see also M2.3)"
M2: Information Security Risk Management,M2.3: Information Security Risk Treatment,M2.3.2,Identification of Controls,"The entity shall identify all controls that are necessary to implement the information security risk treatment option(s) chosen. Sub-Control The entity shall: 1) consider the controls included in these as a starting point for the control identification 2) ensure that no controls are overlooked by producing the Statement of Applicability (refer to M2.3.4) 3) identify controls in addition to the controls suggested in this Regulation that are specific to the entity 4) take account of the criteria for accepting risks (refer to M2.3.1) as well as legal, regulatory and contractual requirements when making the control selection."
M2: Information Security Risk Management,M2.3: Information Security Risk Treatment,M2.3.3,Risk Treatment Plan,The entity shall formulate a risk treatment plan. Sub-Control 1) The risk treatment plan shall identify: a. appropriate management actions b. resources required c. responsibilities and priorities for managing information security risks d. target dates for implementation of the identified controls 2) The entity shall document the risk treatment plan.
M2: Information Security Risk Management,M2.3: Information Security Risk Treatment,M2.3.4,Statement of Applicability,The entity shall compare the controls identified in M2.3.2 above with the risk-based applicable controls contained in this Regulation and shall verify that no necessary controls have been omitted. Sub-Control The entity shall produce and document a Statement of Applicability that contains: 1) the controls that have been identified as necessary 2) reasons for identification of these controls 3) their current status of implementation 4) justification for exclusion of any of the risk-based applicable controls contained in these
M2: Information Security Risk Management,M2.3: Information Security Risk Treatment,M2.3.5,Information Security Objectives,"The entity shall establish information security objectives at relevant to its functions and levels. Sub-Control 1) The information security objectives shall: a. be consistent with the information security policy b. be measurable (if practicable) c. take into account applicable information security requirements, and risk assessment and treatment results d. be communicated within the entity e. be updated as appropriate f. be documented"
M2: Information Security Risk Management,M2.4: Ongoing Information Security Risk Management,M2.4.1,Information Security Risk Assessment Review and Update,"The entity shall plan and document the process for the review and update of the risk assessment and treatment; this shall include planned reviews and updates as well as ad hoc updates if significant changes occur. Sub-Control 1) The entity’s monitoring and review processes shall encompass all aspects of the risk management process and shall take account of changes in: a. the entity itself b. technology used c. business objectives and processes d. risk criteria and the risk assessment process e. assets and consequences of losses of confidentiality, integrity or availability f. identified threats; g. identified vulnerabilities h. effectiveness of the implemented controls i. external events, such as changes to the legal or regulatory environment, changed contractual obligations, and changes in social climate 2) the entity shall monitor security incidents (see T8.3.2, T8.3.3) that might trigger the risk assessment process. (see M2.2.1) 3) Responsibilities for monitoring and review shall be clearly defined and documented."
M2: Information Security Risk Management,M2.4: Ongoing Information Security Risk Management,M2.4.2,Risk Communication and Consultation,The entity shall communicate and consult risk information obtained from risk management activities with all stakeholders involved. Sub-Control The entity shall: 1) establish a risk communication plan for communicating risk information with key stakeholders including decision-makers within the entity during all stages of the risk management process 2) take into account all TRA’s issuances with regard to risk management
M3: Awareness and Training,M3.1: Awareness and Training Policy,M3.1.1,Awareness and Training Policy,The entity shall develop and maintain an awareness and training policy. Sub-Control The awareness and training policy shall: 1) be appropriate to the purpose of the entity 2) provide the framework for setting awareness and training objectives 3) facilitate the implementation of the associated controls 4) outline the roles and responsibilities of providers and recipients of awareness and training activities
M3: Awareness and Training,M3.1: Awareness and Training Policy,M3.1.1,Awareness and Training Policy,The entity shall develop and maintain an awareness and training policy. The awareness and training policy shall: 1) be appropriate to the purpose of the entity 2) provide the framework for setting awareness and training objectives 3) facilitate the implementation of the associated controls 4) outline the roles and responsibilities of providers and recipients of awareness and training activities.
M3: Awareness and Training,M3.2: Awareness and Training Planning,M3.2.1,Awareness and Training Program,"The entity shall develop an awareness and training program. The awareness and training program shall: 1) inform persons doing work under the entity of their contribution to the effectiveness of information security and the implications of not conforming to the information security requirements. The entity shall: 2) determine the necessary competencies for personnel performing work effecting information security 3) provide training or taking other actions (e.g. employing competent personnel) to satisfy these needs 4) evaluate the effectiveness of the actions taken 5) maintain records of education, training, skills, experience and qualifications."
M3: Awareness and Training,M3.3: Security Training,M3.3.1,Training Needs,The entity shall identify its information security training needs. The entity shall: 1) identify the information security skills needed within the entity 2) assess the current information skills in place within the entity 3) identify gaps between required and in place information security skills.
M3: Awareness and Training,M3.3: Security Training,M3.3.2,Implementation Plan,The entity shall establish a clear plan to conduct the trainings needed for the corresponding target audience. The entity shall: 1) identify solutions for each information security training need that has been identified 2) develop a timeline for delivering the information security training solutions 3) ensure resources needed to execute information security training are allocated to the program.
M3: Awareness and Training,M3.3: Security Training,M3.3.3,Training Execution,The entity shall conduct security training following an established plan. The entity shall: 1) ensure that information security training proceeds according to the implementation plan 2) identify alternative information security training solutions if problems with the implementation plan arise 3) ensure the updated implementation plan satisfies all of the information security training needs identified.
M3: Awareness and Training,M3.3: Security Training,M3.3.4,Training Results,The entity shall measure and evaluate security training effectiveness. The entity shall: 1) measure the level of information security knowledge and skills in the entity before and after the training plan is implemented 2) ensure that the information security training solutions implemented are meeting the expected outcomes against the knowledge requirements of the entity 3) take corrective action to improve or replace training solutions that are not reaching the expected outcome.
M3: Awareness and Training,M3.3: Security Training,M3.3.5,Records Documentation,"The entity shall maintain training records of all security personnel. The entity shall: 1) ensure that each target for information security training has a documented training record 2) ensure that all training activities are captured in the individual training records containing personnel education, training, skills, experience and qualifications 3) review training records periodically to ensure all stakeholders have completed the necessary training."
M3: Awareness and Training,M3.4: Security Awareness,M3.4.1,Awareness Campaign,The entity shall plan and conduct a security awareness campaign. The entity shall: 1) define the scope of the awareness campaign in terms of targets and content based on security risks relevant to users’ activities 2) provide a timeline for deploying specific awareness campaigns to meet the program objectives 3) ensure that information security campaigns proceed according to the defined program timeline 4) identify alternative information security awareness campaigns if problems with the program timeline arise 5) ensure the updated information security awareness campaign satisfies all of the program objectives and needs identified.
M4: Human Resources Security,M4.1: Human Resources Security Policy,M4.1.1,Human Resources Security,"The entity shall develop and maintain a human resources security policy and associated security controls. The entity shall: 1) establish and maintain a human resources security policy that outlines roles and responsibilities of different stakeholders, and procedures to facilitate the implementation of the associated controls. 2) identify and implement associated controls."
M4: Human Resources Security,M4.2: Prior to Employment,M4.2.1,Screening,"The entity shall perform background verification checks on all candidates for employment, contractors, and third party users. The entity shall: 1) define a background verification check process in accordance with relevant laws, and ethics, and proportional to the business requirements, the classification of the information to be accessed, and the perceived risks. 2) perform background verification checks for all candidates for employment, contractors and third party personnel."
M4: Human Resources Security,M4.2: Prior to Employment,M4.2.2,Terms and Conditions of Employment,"The entity shall ensure that employees, contractors and third party users understand, agree and sign the terms and conditions of their employment contract, which should state their and the entity’s responsibilities for information security, as part of their contractual obligation. The entity shall: 1) define standard information security terms and conditions for employees, third parties and contractors. 2) include information security terms and conditions in any contract. 3) ensure that their employees, contractors, and third parties fully understand their relevant terms and conditions. 4) review and eventually amend any existing contract with employees, contractors and third parties."
M4: Human Resources Security,M4.3: During Employment,M4.3.1,Management Responsibilities,"The entity’s management shall require employees, contractors and third party users to apply security in accordance with established policies and procedures of the entity. The entity shall: 1) include in human resources security policy that employees, contractors and third party users have to comply with entity security policies and procedures. 2) inform all employees, contractors and third parties of the security policies they are required to be compliant with. 3) present, on first access, relevant security policy/guidelines for users to read and accept."
M4: Human Resources Security,M4.3: During Employment,M4.3.2,Disciplinary Process,The entity shall enforce a formal disciplinary process for employees who have committed a security breach. The entity shall: 1) define a formal disciplinary process. 2) ensure sufficient awareness about this disciplinary process within the entity. 3) enforce the disciplinary process. 4) keep records of the committed security breaches.
M4: Human Resources Security,M4.4: Termination or Change of Employment,M4.4.1,Termination Responsibilities,The entity shall clearly define and assign responsibilities for performing employment termination or change of employment. The entity shall: 1) define an employee termination policy that emphasizes the communication of termination responsibilities in relation to entities information security (including confidentiality and property rights). 2) assign responsibility for performing termination or change of employment.
M4: Human Resources Security,M4.4: Termination or Change of Employment,M4.4.2,Return of Assets,"The entity shall ensure that all stakeholders should return all of the entity’s assets in their possession upon termination of their employment, contract or agreement. The entity shall: 1) include in employee termination policy that all employees, contractors and third parties should return of all assets upon termination of employment, contract or agreement."
M4: Human Resources Security,M4.4: Termination or Change of Employment,M4.4.3,Removal of Access Rights,"The entity shall remove access rights of all stakeholders to information and information systems upon termination of their employment, contract or agreement, or adjusted upon change. The entity shall: 1) verify that the termination policy and procedure is followed for any termination or change of employment, contract or agreement with particular attention to revocation of credentials/access to any information facility."
M5: Compliance,M5.1: Compliance Policy,M5.1.1,Compliance Policy,"The entity shall develop and maintain a compliance policy with which the entity must be compliant at the entity, sector, and national levels. The compliance policy shall: 1) be appropriate to the purpose of the entity. 2) outline the roles and responsibilities for establishing compliance requirements. 3) outline the approach for establishing compliance requirements. 4) outline the approach the entity will follow to ensure compliance with the identified requirements at the entity, sector, and national levels."
M5: Compliance,M5.1: Compliance Policy,M5.1.1,Compliance Policy,"The entity shall develop and maintain a compliance policy with which the entity must be compliant at the entity, sector, and national levels. Sub-Control The compliance policy shall: 1) be appropriate to the purpose of the entity 2) outline the roles and responsibilities for establishing compliance requirements 3) outline the approach for establishing compliance requirements 4) outline the approach the entity will follow to ensure compliance with the identified requirements at the entity, sector, and national levels"
M5: Compliance,M5.2: Compliance with Information Security Legal Requirements,M5.2.1,Identification of Applicable Legislation,"The entity shall define, document and maintain all applicable legislation’s (including statutory, regulatory, and contractual) compliance requirements with relation to information security and the entity’s approach to meet these requirements. Sub-Control The entity shall: 1) develop a process to identify on an ongoing basis all compliance requirements applicable to the entity 2) determine specific system requirements resulting from the identified compliance requirements 3) define specific controls to ensure all compliance requirements are met 4) periodically review compliance requirements and associated controls for completeness 5) document all legislation requirements with individual responsibilities to meet these requirements as well as controls in-place"
M5: Compliance,M5.2: Compliance with Information Security Legal Requirements,M5.2.2,Intellectual Property Rights (IPR),"The entity shall implement the appropriate procedures to ensure compliance with legislative, regulatory, and contractual requirements on the use of material in respect of which there may be intellectual property rights and on the use of proprietary software products. Sub-Control The entity shall: 1) develop and maintain an intellectual property rights compliance policy 2) develop a process to identify all applicable requirements the entity must meet in terms of protecting intellectual property rights 3) determine specific system requirements resulting from the identified requirements 4) define specific controls to ensure all intellectual property right protection requirements are met 5) periodically review requirements and associated controls for completeness"
M5: Compliance,M5.2: Compliance with Information Security Legal Requirements,M5.2.3,Protection of Organizational Records,"The entity shall protect important records from loss, destruction, and falsification, in accordance with statutory, regulatory, contractual, and business requirements. Sub-Control The entity shall: 1) define a process for identifying records with specific compliance requirements regarding loss, destruction, falsification, or other applicable characteristics 2) determine specific system requirements resulting from the identified requirements 3) define specific controls to ensure all record protection requirements are met 4) periodically review requirements and associated controls for completeness"
M5: Compliance,M5.2: Compliance with Information Security Legal Requirements,M5.2.4,Data Protection and Privacy of Personal Information,"The entity shall ensure data protection and privacy as required in relevant legislation, and, if applicable, contractual clauses. Sub-Control The entity shall: 1) define a process for identifying data with specific compliance requirements regarding protection and privacy 2) determine specific system requirements resulting from the identified requirements 3) define specific controls to ensure all data protection and privacy requirements are met 4) periodically review requirements and associated controls for completeness"
M5: Compliance,M5.2: Compliance with Information Security Legal Requirements,M5.2.5,Prevention of Misuse of Information Systems,The entity shall deter users from using information systems for unauthorized purposes. Sub-Control The entity shall: 1) clearly communicate to all stakeholders what is considered to be authorized use of information systems 2) develop the capability to monitor information systems for unauthorized use 3) take corrective action to stop unauthorized use of information systems when detected
M5: Compliance,M5.2: Compliance with Information Security Legal Requirements,M5.2.6,Regulation of Cryptographic Controls,The entity shall use cryptographic controls in compliance with all relevant legislations and agreements. Sub-Control The entity shall: 1) define a process for identifying applicable compliance requirements regarding use of cryptographic controls within the entity 2) determine specific system requirements resulting from the identified requirements 3) define specific controls to ensure all cryptographic control requirements are met 4) periodically review requirements and associated controls for completeness
M5: Compliance,M5.2: Compliance with Information Security Legal Requirements,M5.2.7,Liability to the Information Sharing Community,"The entity shall ensure that liability issues and remediation are clarified, understood and approved by all members of an information sharing community, to address situations in which information is intentionally or unintentionally disclosed. Sub-Control The entity shall: 1) identify any liability issues and remediation requirements regarding unauthorized disclosure of information in all information sharing communities in which the entity participates 2) define specific remediation procedures for each relevant information sharing community 3) communicate to the relevant information sharing community any issues identified regarding remediation procedures"
M5: Compliance,M5.3: Compliance with non-technical requirements,M5.3.1,Compliance with Security Policies and Standards,The entity’s managers shall ensure that all security procedures within their area of responsibility are carried out correctly to achieve compliance with security policies and standards. Sub-Control Managers shall: 1) identify all security procedures that fall within their area of responsibility 2) develop the capability to monitor the execution of identified security procedures 3) take corrective action when issues regarding the execution of security procedures are identified
M5: Compliance,M5.4: Compliance with technical requirements,M5.4.1,Technical Compliance Checking,"The entity shall ensure that information systems are regularly checked for compliance with the UAE IA Regulation. Sub-Control The entity shall: 1) define and execute a process for routinely checking for technical compliance with security standards 2) ensure results of compliance checking is performed by, and the results are reviewed by, authorized personnel with adequate technical capabilities 3) report any issues detected during technical compliance checking to the appropriate authority for remediation"
M5: Compliance,M5.5: Information Systems Audit Considerations,M5.5.1,Information Systems Audit Controls,The entity shall ensure that audit requirements and activities involving checks on operational systems are carefully planned and agreed to minimize the risk of disruptions to business processes. Sub-Control The entity shall: 1) assign responsibilities for internal audits of information system controls to an appropriate authority 2) define audit requirements for information system controls 3) outline an audit plan to meet audit requirements for information system controls 4) highlight measures taken to ensure audit activities minimize the risk of disruptions to business processes
M5: Compliance,M5.5: Information Systems Audit Considerations,M5.5.2,Protection of Information Systems Audit Tools,The entity shall protect access to information systems audit tools to prevent any possible misuse or compromise. Sub-Control The entity shall: 1) identify all information systems audit tools 2) identify the types and classification levels of information stored in information systems audit tools 3) define minimum security requirements for information systems audit tools commensurate to the classification levels of the information held
M5: Compliance,M5.5: Information Systems Audit Considerations,M5.5.3,Audit of Community Functions,The entity shall specify the audit rights of members to the information sharing community to which it is connected to. Sub-Control The entity shall: 1) identify the audit rights of any information sharing communities to which it is connected 2) ensure that provisions for external members are accounted for in the entity’s information systems audit plan and tools 3) ensure that provisions for the entity to exercise its audit rights are accounted for in the entity’s information systems audit plan and tools
M6: Performance Evaluation and Improvement,M6.1: Performance Evaluation Policy,M6.1.1,Performance Evaluation Policy,"The entity shall have a policy for performance evaluation that sets the framework for all performance evaluations that take place in the entity. Sub-Control The entity shall develop and implement a performance evaluation policy that determines: 1) the overall framework for performance evaluation 2) the methods of reporting the performance evaluation results to management 3) how to integrate the detailed performance measurements for controls with higher level performance measurements for information security objectives, risk management, etc. 4) how to integrate incident reports in the overall picture of performance monitoring"
M6,M6.2: Performance Evaluation Policy,M6.2.1,"Monitoring, Measurement, Analysis and Evaluation","The entity shall monitor and evaluate the information security performance and the effectiveness of the information security management system.
The entity shall:
1) determine:
   a. what needs to be monitored and measured, including information security processes and controls
   b. the methods for monitoring, measurement, analysis and evaluation, as applicable, to ensure valid results
   c. when the monitoring and measuring shall be performed
   d. who shall monitor and measure
   e. when the results from monitoring and measurement shall be analyzed and evaluated
   f. who shall analyze and evaluate these results
2) document the monitoring and measurement methods and results."
M6,M6.2: Performance Evaluation Policy,M6.2.2,Internal Audits,"The entity shall plan and conduct internal audits of the information security in place.
The entity shall:
1) define the audit criteria, scope and audit plan for each audit
2) select auditors and conduct audits to ensure objectivity and the impartiality of the audit process
3) ensure that the results of the audits are reported to relevant management
4) document the audit program and the audit results
5) ensure that the internal audit is effectively implemented and maintained
The internal audits shall:
6) be planned, established, implemented and maintained, including the frequency, methods, responsibilities, planning requirements, and reporting of the internal audits
7) take account of the importance of the processes concerned and the results of previous audits
8) ensure that entity’s information security conforms to:
   a. the entity’s own requirements for information security
   b. the requirements of this Regulation
   c. any applicable requirements from the entity’s sector, national or regulatory environment"
M6,M6.3: Improvement,M6.3.1,Corrective Action,"The entity shall correct any nonconformity with these.
The entity shall react to the nonconformity when it occurs, and take action to control and correct it, and to deal with the consequences.
The entity shall:
1) evaluate the need for action to eliminate the causes of nonconformities, in order that it does not recur or occur elsewhere, by:
   a. reviewing the nonconformity
   b. determining the causes of the nonconformity
   c. determining if similar nonconformities exist, or could potentially occur
2) implement the appropriate action needed to the effects of the encountered nonconformities
3) review the effectiveness of any corrective action taken
4) document the corrective actions taken against the nonconformities"
M6,M6.3: Improvement,M6.3.2,Continual Improvement,"The entity shall continually improve the information security program in place.
The entity shall:
1) improve the suitability, adequacy and effectiveness of information security controls in place
2) take account of the performance measurement results and incidents when identifying improvements."
T1,T1.1: Asset Management Policy,T1.1.1,Asset Management Policy,"The entity shall establish an asset management policy.
The asset management policy shall:
1) be appropriate to the complexity of the entity and to the assets managed by the entity
2) include statement of the management commitment, purpose, objective and scope of the policy
3) outline the roles and responsibilities
4) provide the framework for managing the entity’s assets, including assignment of owners
5) provide the framework for managing Bring Your Own Device (BYOD) arrangements
6) be documented and communicated to all users
7) be read and acknowledged formally by all users
8) be maintained, reviewed and updated at planned intervals or if significant changes occur"
5.4: Technical Controls,T1.1: Asset Management Policy,T1.1.1,Asset Management Policy,"The entity shall establish an asset management policy. The asset management policy shall: 1) be appropriate to the complexity of the entity and to the assets managed by the entity 2) include statement of the management commitment, purpose, objective and scope of the policy 3) outline the roles and responsibilities 4) provide the framework for managing the entity’s assets, including assignment of owners 5) provide the framework for managing Bring Your Own Device (BYOD) arrangements 6) be documented and communicated to all users 7) be read and acknowledged formally by all users 8) be maintained, reviewed and updated at planned intervals or if significant changes occur"
5.4: Technical Controls,T1.2: Responsibility for Assets,T1.2.1,Inventory of Assets,The entity shall maintain an inventory list of all its information assets. The entity shall: 1) identify an inventory of information assets within the entity 2) maintain an up-to-date list of assets 3) ensure accuracy and consistency with other inventories
5.4: Technical Controls,T1.2: Responsibility for Assets,T1.2.2,Ownership of Assets,The entity shall assign a designated owner for each asset in the inventory. The entity shall: 1) establish the process for the assignment of asset ownership and its periodical review 2) assign an owner with management responsibility for each identified asset
5.4: Technical Controls,T1.2: Responsibility for Assets,T1.2.3,Acceptable Use of Assets,"The entity shall develop rules for the acceptable use of its information assets. The entity shall: 1) establish and document the rules for the acceptable use of assets 2) adapt rules to the different roles (management, users, administrators, operators, contractors, etc.) 3) ensure circulation and acceptance of the rules by employees, contractors and third parties 4) ensure compliance with the established rules"
5.4: Technical Controls,T1.2: Responsibility for Assets,T1.2.4,Acceptable Bring Your Own Device (BYOD) Arrangements,"The entity shall develop rules for the acceptable use of information assets associated with BYOD arrangements. The entity shall: 1) establish the rules for the acceptable use of personal assets that are used on the entity’s environment 2) adapt rules to the different roles (management, users, administrators, operators, contractors, etc.) 3) ensure circulation and acceptance of the rules by employees, contractors and third parties 4) measure compliance with these rules"
5.4: Technical Controls,T1.3: Information Classification,T1.3.1,Classification of Information,"The entity shall develop a classification scheme for its information. The classification shall include: 1) an information classification scheme based on information value, legal requirements, sensitivity, and criticality to the entity 2) the degree of protection required for each category. The information classification scheme shall ensure: 1) information classification based on the established levels and mapped to accountable owners 2) an up-to-date information classification in accordance with changes of their value, sensitivity and criticality through their lifecycle 3) the possibility to be accessed by automated systems to enforce specific protections based on the classification level 4) sufficient information regarding physical assets (locations, data centers, networks, systems, storage, etc.) used to store, process or transmit information assets is provided"
5.4: Technical Controls,T1.3: Information Classification,T1.3.2,Labeling of Information,The entity shall label information in accordance with the classification scheme adopted by the entity. The entity shall: 1) establish a procedure for labeling of information and its related assets in physical or electronic formats to reflect their attributed classification 2) apply the appropriate label on information
5.4: Technical Controls,T1.3: Information Classification,T1.3.3,Handling of Information Assets,"The entity shall handle assets in accordance with the information classification scheme adopted by the entity. The entity shall: 1) develop handling procedures for processing, storing and communicating information consistent with its classification and its attached label 2) safeguard the information in accordance with the established procedures"
5.4: Technical Controls,T1.4: Media Handling,T1.4.1,Management of Removable Media,"The entity shall manage the removable media in accordance with the classification scheme adopted by the entity. The entity shall: 1) establish media management procedures along its lifecycle (setup, distribution, utilization and disposal) 2) identify the needed protection levels in accordance with the classification scheme 3) inhibit the use of removable media in those information systems that do not require it 4) control users of removable media"
5.4: Technical Controls,T1.4: Media Handling,T1.4.2,Disposal of Media,"The entity shall dispose media when no longer needed. The entity shall: 1) establish procedures for secure disposal of media containing confidential information based on the sensitivity of that information 2) destroy media, both paper and digital, when no longer serving the entity 3) keep records for disposed media (containing or used to contain confidential information) when no longer needed"
T2: Physical and Environmental Security,T2.1: Physical and Environmental Security Policy,T2.1.1,Physical and Environmental Security Policy,"The entity shall develop and maintain a physical and environmental security policy to ensure appropriate physical protection of assets. The physical and environmental security policy shall: 1) be appropriate to the purpose of the entity 2) include statement of the management commitment, purpose, objective and scope of the policy 3) outline the roles and responsibilities for the physical and environmental security 4) consider the Information Assets classification and their physical location (storage, processing, transfer) 5) be documented and communicated to all users 6) be read and acknowledged formally by all users 7) be maintained, reviewed and updated at planned intervals or if significant changes occur"
T2: Physical and Environmental Security,T2.2: Secure Areas,T2.2.1,Physical Security Perimeter,"The entity shall use security perimeters (barriers such as walls, card controlled entry gates or manned reception desks) to protect areas that contain information and information systems. The entity shall: 1) identify and classify security areas based on the assets and information they process or contain 2) define security perimeters for every classified security level to ensure the right level of protection is applied 3) ensure the right security countermeasures are adopted to protect areas that contain information and information systems"
T2: Physical and Environmental Security,T2.2: Secure Areas,T2.2.2,Physical Entry Controls,"The entity shall protect secure areas by appropriate entry controls to ensure that only authorized personnel are allowed access. The entity shall: 1) authenticate all persons accessing secure areas 2) document the access to secure areas 3) ensure that all persons wear some form of visible identification within the entity’s premises 4) update and monitor access logs 5) in case of contractors/third parties, they shall be always escorted, unless the area is explicitly designated for them with no escort requirement"
T2: Physical and Environmental Security,T2.2: Secure Areas,T2.2.3,"Securing Offices, Rooms and Facilities","The entity shall design and apply physical security for offices, rooms, and facilities. The entity shall: 1) establish rules to avoid access by the public to key facilities in line with the physical and environmental policy 2) avoid obvious signs that indicates the type of information or activities in the secure areas"
T2: Physical and Environmental Security,T2.2: Secure Areas,T2.2.4,Protecting Against External and Environmental Threats,"The entity shall design and apply physical protection against natural disasters, malicious attack or accidents. The entity shall: 1) establish policies and procedures for the storage of hazardous or combustible materials to reduce their risks on secure areas in line with the physical and environmental policy 2) secure fallback equipment and backup media from damage caused by a natural or man-made disaster 3) ensure that all physical protection countermeasures and procedures are aligned and coherent to Risk Assessment"
T2: Physical and Environmental Security,T2.2: Secure Areas,T2.2.5,Working in Secure Areas,The entity shall design physical protection and guidelines for working in secure areas. The entity shall: 1) establish guidelines for working in secure areas 2) make sure all personnel accessing secure areas is aware and accepts rules and guidelines 3) supervise activities in secure areas 4) control access of devices to secure areas (See also T5.7.1)
T2: Physical and Environmental Security,T2.2: Secure Areas,T2.2.6,"Public Access, Delivery, and Loading Areas",The entity shall control access points such as delivery and loading areas and other points. The entity shall: 1) establish access procedures to loading and unloading areas to restrict access to only authorized personnel 2) physically segregate loading and unloading activities 3) inspect and register incoming and outgoing material in accordance with the entity’s asset management procedures
T2: Physical and Environmental Security,T2.3: Equipment Security,T2.3.1,Equipment Siting and Protection,The entity shall site and protect equipment. The entity shall: 1) establish guidelines for the physical protection of equipment against unauthorized access 2) monitor the environmental conditions and alert in case of a potential threat
T2: Physical and Environmental Security,T2.3: Equipment Security,T2.3.2,Supporting Utilities,The entity shall protect equipment from disruptions caused by failures in supporting utilities. Supporting utilities shall: 1) be tested for any malfunctioning 2) ensure protection and uninterrupted power supply on information systems 3) provide emergency lighting in case of main power failure 4) have up-to-date utilities maintenance logs
T2: Physical and Environmental Security,T2.3: Equipment Security,T2.3.3,Cabling Security,The entity shall protect power and telecommunication cabling carrying data or supporting information services. The entity shall: 1) protect power and telecommunication cables against physical tempering 2) segregated power and telecommunication cables to prevent interference 3) scan the network on a regular basis to identify unauthorized devices connected to the network (refer to T5.4.3)
T2: Physical and Environmental Security,T2.3: Equipment Security,T2.3.4,Equipment Maintenance,The entity shall maintain its equipment. The entity shall: 1) document suppliers recommendations for the maintenance of equipment and make them available to maintenance personnel 2) establish policies and procedures for decommissioning and commissioning of equipment to ensure protection of sensitive data 3) keep maintenance logs for all equipment
T2: Physical and Environmental Security,T2.3: Equipment Security,T2.3.5,Security of Equipment Off-Premises,The entity shall apply security to off-site equipment. The entity shall: 1) establish policies to protect off-site equipment in line with the physical and environmental policy (refer to M2.1.1)
T2: Physical and Environmental Security,T2.3: Equipment Security,T2.3.6,Secure Disposal or Re-Use of Equipment,The entity shall ensure that any sensitive data and licensed software has been removed or securely overwritten prior to disposal. The entity shall: 1) establish procedures for secure disposal or re-use of equipment based on the sensitivity of stored information 2) keep record of disposed equipment when no longer needed
T2: Physical and Environmental Security,T2.3: Equipment Security,T2.3.7,Removal of Property,"The entity shall authorize any equipment, information or software that need to be taken off-site. The entity shall: 1) establish an authorization procedure for taking information assets off-site 2) maintain the list of information assets off-site with the authorized employees, contractors and third party users"
T2: Physical and Environmental Security,T2.3: Equipment Security,T2.3.8,Unattended User Equipment,The entity shall ensure that unattended equipment has appropriate protection. The entity shall: 1) establish user responsibilities and procedures when leaving equipment unattended 2) configure equipment and systems to implement automatic protections when left unattended
T2: Physical and Environmental Security,T2.3: Equipment Security,T2.3.9,Clear Desk and Clear Screen Policy,The entity shall adopt a clear desk policy for papers and removable storage media and a clear screen policy. The clear desk and clear screen policy shall: 1) be appropriate to the purpose of the entity 2) outline the responsibilities of the users with respect to clear desk and clear screen 3) be formalized and readily available to all users 4) be printed and made available to all desks subject to clear desk policy
T2.3: Equipment Security,T2.3.8: Unattended User Equipment,T2.3.8,Unattended User Equipment,The entity shall ensure that unattended equipment has appropriate protection. The entity shall: 1) establish user responsibilities and procedures when leaving equipment unattended 2) configure equipment and systems to implement automatic protections when left unattended
T2.3: Equipment Security,T2.3.9: Clear Desk and Clear Screen Policy,T2.3.9,Clear Desk and Clear Screen Policy,The entity shall adopt a clear desk policy for papers and removable storage media and a clear screen policy. The clear desk and clear screen policy shall: 1) be appropriate to the purpose of the entity 2) outline the responsibilities of the users with respect to clear desk and clear screen 3) be formalized and readily available to all users 4) be printed and made available to all desks subject to clear desk policy
T3: Operations Management,T3.1: Operations Management Policy,T3.1.1,Operations Management Policy,"The entity shall establish an operations management policy. The Operations Management Policy shall: 1) be appropriate to the purpose of the entity 2) provide the framework for managing the operations of systems, processes, and controls related to information security"
T3: Operations Management,T3.2: Operational Procedures and Responsibilities,T3.2.1,Common Systems Configuration Guidelines,The entity shall develop recommended configuration settings for common information technology products. The guidelines shall: 1) identify common information technology products used within the entity 2) define minimum security configurations to be employed in each product
T3: Operations Management,T3.2: Operational Procedures and Responsibilities,T3.2.2,Documented Operating Procedures,The entity shall document operating procedures. The entity shall: 1) document operating procedures in a format that facilitates dissemination to all relevant stakeholders 2) ensure operating procedures are reviewed periodically 3) ensure all relevant stakeholders are aware of and have access to relevant operating procedures
T3: Operations Management,T3.2: Operational Procedures and Responsibilities,T3.2.3,Change Management,The entity shall control the changes to information systems. The entity shall: 1) document a change management process 2) integrate specific process controls to ensure the change management process is executed correctly 3) define the systems to which the change management process applies 4) assign management responsibilities for control of changes to identified systems
T3: Operations Management,T3.2: Operational Procedures and Responsibilities,T3.2.4,Segregation of Duties,The entity shall segregate duties and areas of responsibility. The entity shall: 1) identify specific sets of duties that should be segregated 2) ensure duties with segregation requirements are assigned to different resources 3) implement suitable alternative controls in the case that duties with segregation requirements cannot be assigned to different resources
T3: Operations Management,T3.2: Operational Procedures and Responsibilities,T3.2.5,"Separation of Development, Test and Operational Facilities","The entity shall separate development, test, and operational environment. The entity shall: 1) identify the appropriate level of separation between operational, test, and development environments 2) define the rules for transferring software and systems from one environment to another 3) ensure the rules are integrated into the system / software development lifecycle"
T3: Operations Management,T3.3: System Planning and Acceptance,T3.3.1,Capacity Management,The entity shall manage the required capacity. The entity shall: 1) have the ability to measure capacity of current systems and estimate capacity requirements of planned systems 2) integrate capacity management controls into relevant demand management and software / system development lifecycle processes 3) make necessary adjustments to capacity to maintain required system performance
T3: Operations Management,T3.3: System Planning and Acceptance,T3.3.2,System Acceptance and Testing,"The entity shall establish acceptance criteria for new information systems, upgrades, and new versions, in addition to suitable tests of the system(s) carried out during development and prior to acceptance. The entity shall: 1) define the requirements for testing new / updated systems prior to placing them in the operational environment 2) define the acceptable parameters for each requirement 3) ensure tests are carried out and that results are documented 4) formally assign responsibility for ensuring tests are completed prior to accepting new systems into operational environment"
T3: Operations Management,T3.4: Protection From Malware,T3.4.1,Controls Against Malware,"The entity shall protect its information assets from malware. The entity shall: 1) employ anti-malware protection mechanisms for the network as well as servers, workstations, laptops and other devices connected to it 2) ensure that all anti-malware protection are up-to-date 3) periodically scan all information systems files as well as files downloaded from public networks 4) scan all email attachments before reaching user’s inbox 5) scan removable media for malware every time they are connected to the information systems 6) configure servers, workstations, laptops so that they don’t “auto-run” contents from removable media 7) monitor anti-malware protection tools for malware detection events that should be logged and a notification should be sent to the administrators 8) ensure that users are aware of malware risks, behaviors and preventative actions"
T3: Operations Management,T3.5: Backup,T3.5.1,Information Backup,The entity shall backup copies of its information and software. The entity shall: 1) establish guidelines for determining what information and software requires backup and how often 2) establish and document clear backup procedures and system capabilities for all applicable backup requirements 3) ensure backed up information and software is routinely tested for reliability 4) ensure IT staff have the skills and qualification to conduct the backup procedures
T3: Operations Management,T3.6: Monitoring,T3.6.1,Monitoring Policy and Procedures,"The entity shall establish a monitoring policy and related procedures. The monitoring policy and related procedures shall: 1) outline what system aspects shall be monitored, how they shall be monitored, and how often they shall be monitored 2) assign responsibility for monitoring activities 3) define how information from monitoring activities will be fed into the incident response process 4) account for any sector or national requirements regarding information to be shared with external entities 5) be documented"
T3: Operations Management,T3.6: Monitoring,T3.6.2,Audit Logging,"The entity shall produce and keep audit logs recording user activities, exceptions, and information security events. The entity shall: 1) identify all activities to be captured in audit logs for all hardware devices, operating systems and installed applications 2) identify minimum information requirements for each activity to be captured 3) define minimum frequency requirements for reviewing audit logs 4) ensure audit logs are reviewed by personnel with appropriate training and skills 5) define minimum time requirements for maintaining audit logs"
T3: Operations Management,T3.6: Monitoring,T3.6.3,Monitoring System Use,The entity shall monitor the use of information systems. The entity shall: 1) identify all types of system use to be monitored 2) identify minimum information gathering requirements for each monitoring activity 3) define minimum frequency requirements for reviewing information gathered from monitoring activities 4) ensure information gathered from monitoring activities is reviewed by personnel with appropriate training and skills 5) define minimum time requirements for maintaining information gathered from monitoring activities
T3: Operations Management,T3.6: Monitoring,T3.6.4,Protection of Log Information,The entity shall protect log information against tampering and unauthorized access. The entity shall: 1) identify the log information across all information systems that shall be protected 2) ensure log information are protected commensurate to the sensitivity of the content of the logs
T3: Operations Management,T3.6: Monitoring,T3.6.5,Administrator and Operator Logs,The entity shall log system administrator and system operator activities. The entity shall: 1) identify all activities to be captured in administrator and operator logs 2) identify minimum information requirements for each activity to be captured 3) define minimum frequency requirements for reviewing administrator and operator logs 4) ensure administrator and operator logs are reviewed by personnel with appropriate training and skills 5) define minimum time requirements for maintaining administrator and operator logs
T3: Operations Management,T3.6: Monitoring,T3.6.6,Fault Logging,The entity shall log faults related to information processing or communication. The entity shall: 1) identify all faults to be captured in fault logs 2) identify minimum information requirements for each fault to be captured 3) define minimum frequency requirements for reviewing fault logs 4) ensure fault logs are reviewed and analyzed by personnel with appropriate training and skills 5) define minimum time requirements for maintaining fault logs
T3: Operations Management,T3.6: Monitoring,T3.6.7,Clock Synchronization,The entity shall synchronize clocks of all relevant information systems with an agreed accurate time source. The entity shall: 1) define the date/time format and the standard time to be used in all systems 2) define the stratum level of clocks needed for each type of network element 3) regularly check that the clocks of all relevant information processing systems are synchronized
T4: Communications,T4.1: Communications Policy,T4.1.1,Communications Policy,"The entity shall establish a communications policy to guide the protection of information in transit. The communications policy shall: 1. be appropriate to the purpose of the entity 2. include statement of the management commitment, purpose, objective and scope of the policy 3. outline the roles and responsibilities 4. provide the framework to protect information in transit from interception, copying, modification, mis-routing, destruction, and other unauthorized activities 5. be documented and communicated to all users 6. be read and acknowledged formally by all users 7. be maintained, reviewed and updated at planned intervals or if significant changes occur"
T4: Communications,T4.2: Information Transfer,T4.2.1,Information Transfer Procedures,"The entity shall develop formal transfer procedures and controls should be in place to protect the exchange of information. The entity shall: 1) Establish information transfer procedures. The procedures shall: 1) outline conditions under which the transfer of information must be protected 2) identify specific controls to be put in place to ensure information is adequately protected during transfer 3) identify actions to be taken when issues arise regarding the transfer of information 4) be documented, maintained, reviewed and updated at planned intervals or if significant changes occur"
T4: Communications,T4.2: Information Transfer,T4.2.2,Agreements on Information Transfer,The entity shall establish agreements for the exchange of information and software between the entity and external parties. The entity shall: 1) identify all security requirements for exchanging information and software with external parties 2) establish an exchange of information agreement with each external party outlining clear roles and responsibilities of each party 3) ensure external parties are aware of all information security requirements and policies that are necessary before signing the agreement 4) monitor the exchange of information and software with external parties to ensure the requirements in the agreement are being met 5) take corrective action when the exchange of information or software does not follow the terms of the agreement
T4: Communications,T4.2: Information Transfer,T4.2.3,Physical Media in Transit,The entity shall protect physical media containing information during transportation. The entity shall: 1) identify physical media carrying sensitive information 2) define labeling requirements for physical media carrying sensitive information 3) ensure physical media in transit carrying sensitive information is tracked sufficiently in accordance with the sensitivity of the information it contains 4) define measures to be taken in the event of loss of physical media in transit carrying sensitive information 5) keep a log of all transitions
T4: Communications,T4.2: Information Transfer,T4.2.4,Electronic Messaging,"The entity shall protect information involved in electronic messaging. The entity shall: 1) identify all means of electronic messaging in which the entity’s information assets can be transmitted 2) for each category of electronic messaging identified, define rules regarding the type of information that can be transmitted and specific controls needed 3) develop the capability to monitor electronic messaging to ensure controls are implemented and the rules are followed 4) take corrective action when information is transmitted through electronic messaging in a manner inconsistent with the established rules"
T4: Communications,T4.2: Information Transfer,T4.2.5,Business Information Systems,"The entity shall develop policies and procedures to protect information transferred across business information systems. The policies and procedures shall: 1) identify all points of interconnection between business information systems 2) identify the types of information to be protected regarding the identified interconnections 3) identify appropriate security measures to be taken to protect each type of information 4) be documented, maintained, reviewed and updated at planned intervals or if significant changes occur"
T4: Communications,T4.3: Electronic Commerce Services,T4.3.1,Electronic Commerce,"The entity shall protect information involved in electronic commerce passing over public networks from fraudulent activity, contract dispute, and unauthorized disclosure and modification. The entity shall: 1) identify all instances of electronic commerce within the entity that require passing information over public networks 2) identify appropriate security measures for information passing over public networks based on the risk assessment 3) ensure security requirements are captured in service agreements with e-commerce partners 4) monitor e-commerce activities for on-going compliance with security requirements"
T4: Communications,T4.3: Electronic Commerce Services,T4.3.2,On-Line Transactions,"The entity shall protect information involved in on-line transactions against incomplete transmission, mis-routing, unauthorized message alteration, unauthorized disclosure, unauthorized message duplication or replay. The entity shall: 1) identify all information used in on-line transactions 2) identify appropriate security measures for information used in on-line transactions based on the risk assessment 3) ensure security requirements are captured in service agreements with all partners involved in on-line transactions 4) monitor on-line transactions for on-going compliance with security requirements"
T4: Communications,T4.3: Electronic Commerce Services,T4.3.3,Publicly Available Information,The entity shall protect information being made available on a publicly available system against unauthorized modification. The entity shall: 1) identify all information to be made available on a publicly available system 2) define security requirements for information to be made available on a publicly available system based on the risk assessment 3) monitor information being made available on publicly available systems for unauthorized modification 4) ensure that all public information is sanitized and approved
T4: Communications,T4.4: Information Sharing Protection,T4.4.1,Connectivity to Information Sharing Platforms,"The entity shall ensure that connectivity to information sharing platforms should be secured. The entity shall: 1) identify all relevant information sharing platforms to which the entity will connect 2) determine the security requirements for connecting to identified platforms 3) identify specific controls needed to meet the security requirements for each information sharing platform 4) develop the capabilities needed for secure connectivity to any required sector, national, or international information sharing communities"
T4: Communications,T4.4: Information Sharing Protection,T4.4.2,Information Released into Information Sharing Communities,"The entity shall follow the format, classification, and treatment requirements of the information sharing community for information released into information sharing communities. For each connected information sharing platform, the entity shall: 1) identify all information to be released into the information sharing community utilizing the platform 2) implement minimum format, classification, and treatment requirements as outlined by the platform manager 3) identify and implement any additional security requirements needed to protect the released information in line with the entity’s risk assessment 4) develop the capabilities needed to share information securely within any required sector, national or international information sharing communities"
T4: Communications,T4.5: Network Security Management,T4.5.1,Network Controls,"The entity shall ensure that all networks are adequately managed, controlled, and protected. The entity shall: 1) identify all network components and interconnectivity between them 2) document and maintain network diagram that includes all network components as well as their connections 3) perform a risk assessment on individual network components and the network as a whole to identify vulnerabilities requiring action 4) identify and implement specific network controls needed to mitigate the vulnerabilities identified 5) continually monitor the in-place controls for efficiency and effectiveness"
T4: Communications,T4.5: Network Security Management,T4.5.2,Security of Network Services,"The entity shall identify the security features, service levels, and management requirements of all network services and include these requirements in any network services agreement, whether these services are provided in-house or outsourced. The entity shall: 1) specify which network services are subject to specific security requirements 2) define minimum security requirements for each identified service 3) ensure minimum security requirements are captured in service level agreements for network services 4) ensure minimum security requirements are implemented in network services"
T4: Communications,T4.5: Network Security Management,T4.5.3,Segregation in Networks,"The entity shall segregate groups of information services, users, and information systems on networks. The entity shall: 1) identify criteria for grouping information services, users, and information systems into different groups that facilitate segregation on networks 2) for each group, identify specific segregation requirements 3) ensure identified segregation requirements are included in the relevant system/service development lifecycle 4) periodically evaluate the effectiveness of implemented segregation strategies and identify areas for improvement"
T4: Communications,T4.5: Network Security Management,T4.5.4,Security of Wireless Networks,"The entity shall ensure that all wireless networks are adequately secured. The entity shall: 1) undertake and document a site survey to determine the optimal physical locations to avoid stray signal leaking too far outside of the entity’s physical perimeter 2) identify criteria for grouping information services, users, and information systems into different groups that facilitate segregation on wireless networks 3) for each wireless network, identify the security controls that should be in place based on the required protection level of the information services, users, and information systems it supports 4) periodically evaluate the effectiveness of implemented segregation strategies and identify areas for improvement"
T5: Access Control,T5.1: Access Control Policy,T5.1.1,Access Control Policy,"The entity shall establish an access control policy based on business and security requirements. Sub-Control The access control policy shall: 1) be appropriate to the purpose of the entity; 2) include statement of the management commitment, purpose, objective and scope of the policy; 3) outline the roles and responsibilities for granting and denying access; 4) provide the framework for the protection of mobile devices against prevailing risks, including users owned devices; 5) provide the framework to protect information from unauthorized access and grant access to the appropriate users and mobile devices; 6) be documented and communicated to all users; 7) be read and acknowledged formally by all users; 8) be maintained, reviewed and updated at planned intervals or if significant changes occur."
T5: Access Control,T5.2: User Access Management,T5.2.1,User Registration,"The entity shall implement a formal user registration and de-registration procedure. Sub-Control The entity shall: 1) establish and formalize procedures for the registration and de-registration of users; 2) ensure that a separate account is created for each person requiring access, and prohibit sharing of same accounts across multiple users; 3) immediately revoke access from users who have changed roles or jobs or left the entity following the established procedure; 4) periodically check and revoke access related to temporary and inactive accounts."
T5: Access Control,T5.2: User Access Management,T5.2.2,Privilege Management,The entity shall restrict and control the allocation and use of privileges. Sub-Control The entity shall: 1) maintain a record of all allocated privileges; 2) never grant users with domain or local administrative privileges; 3) ensure that administrator accounts are used only for system administration activities (e.g. no email or web surfing); 4) use two-factor authentication for all administrative access; 5) ensure that all administrative access are logged and audited.
T5: Access Control,T5.2: User Access Management,T5.2.3,User Security Credentials Management,The entity shall control the allocation of user security credentials. Sub-Control The entity shall: 1) establish a user security credential management policy for users and administrators that is appropriate to the purpose of the entity; 2) ensure that the policy includes a secure process to provide users with security credentials and includes credential revocation and re-allocation procedures; 3) in case of use of security credentials (i.e. passwords) change default security credentials of all systems and applications; 4) always store credentials in a well-hashed including salting or encrypted format; 5) for accessing critical resources/assets implement credential systems based on multi-factor authentication.
T5: Access Control,T5.2: User Access Management,T5.2.4,Review of User Access Rights,"The entity shall review users’ access rights. Sub-Control The entity shall: 1) maintain access right records for all assets, and identify any granted special access; 2) establish an access right review procedure to ensure access rights are reviewed periodically or on any changes in users’ status; 3) periodically check the granted special access to ensure their validity."
T5: Access Control,T5.3: User Responsibilities,T5.3.1,Use of Security Credentials,The entity shall require users to use security credentials in line with the entity’s security practices. Sub-Control The entity shall: 1) develop a good practice for use of security credentials; 2) share and educate users on the developed good practices through awareness and training sessions.
T5: Access Control,T5.4: Network Access Control,T5.4.1,Policy on Use of Network Services,The entity shall provide access to users only to the services that they have been specifically authorized to use. Sub-Control The entity shall: 1) establish a policy for the use of network services that is appropriate to the entity; 2) develop the framework for managing the network services and ensure the right level of protection provided against unauthorized access; 3) limit user access to the required network services in line with the developed framework.
T5: Access Control,T5.4: Network Access Control,T5.4.2,User Authentication for External Connections,The entity shall use appropriate authentication methods to control access of remote users. Sub-Control The entity shall: 1) require all remote login (users and administrators) to be done over secure channels; 2) ensure appropriate authentication methods are used to control access by remote users; 3) block access to a machine (either remotely or locally) for administrator-level accounts.
T5: Access Control,T5.4: Network Access Control,T5.4.3,Equipment Identification in Networks,The entity shall be able to identify equipment connected to its networks. Sub-Control The entity shall: 1) use equipment identification mechanisms to automatically authenticate legitimate connections and detect unauthorized devices connected to the network.
T5: Access Control,T5.4: Network Access Control,T5.4.4,Remote Diagnostic and Configuration Protection,The entity shall control access for the purpose of diagnostic and configuration. Sub-Control The entity shall: 1) identify all ports and services that are used for diagnostics or configuration; 2) disable or uninstall the diagnostic and configuration services that are not required and define a protection mechanism for the ones that are required; 3) enable access control mechanisms including strong authentication to allow access only to authorized personnel; 4) log all remote access activities related to diagnostics and configuration.
T5: Access Control,T5.4: Network Access Control,T5.4.5,Network Connection Control,The entity shall restrict user access to shared networks. Sub-Control The entity shall: 1) establish a procedure to provide access to shared networks in line with the Access Control Policy and requirements of the business applications; 2) restrict users’ access to the network based on predefined tables and rules such as certain times of the day.
T5: Access Control,T5.4: Network Access Control,T5.4.6,Network Routing Control,"The entity shall implement network routing controls to ensure that computer connections and information flows do not breach the access control policy of the business applications. Sub-Control The entity shall: 1) identify all routing equipment (e.g. routers, firewalls, and switches); 2) establish a secure configuration and rules for network routing; 3) enable source and destination address violation against rules checking on the routing equipment; 4) enable routing protection countermeasures to avoid manipulation of routing systems and tables; 5) implement sub-networks for publicly accessible systems that are separated from internal organizational networks; 6) connect to external networks or information systems only through managed interfaces consisting of boundary protection devices such as firewalls; 7) monitor communications with external systems and with key internal systems for suspicious traffic."
T5: Access Control,T5.4: Network Access Control,T5.4.7,Wireless Access,"The entity shall ensure wireless access is secured. Sub-Control The entity shall: 1) establish usage restrictions, configuration requirements, and implementation guidance for wireless access; 2) authorize wireless access to the information system prior to allowing such connections."
T5: Access Control,T5.5: Operating System Access Control,T5.5.1,Secure Log-On Procedures,"The entity shall control access to systems and applications using a secure log-on and log-off procedure. Sub-Control The entity shall: 1) identify the systems, applications and services that require user authentication; 2) classify the identified systems, applications and services based on the level of protection needed; 3) establish the appropriate log-on and log-off procedures to minimize the opportunity for unauthorized access; 4) set a maximum session time for logged on users for sensitive systems and applications; 5) terminate inactive sessions after a predefined period of inactivity."
T5: Access Control,T5.5: Operating System Access Control,T5.5.2,User Identification and Authentication,The entity shall create a unique identifier (user ID) for each user and implement a suitable authentication technique. Sub-Control The entity shall: 1) provide a unique identifier to each user; 2) enable authentication techniques that are suitable to the entity; 3) ensure all restricted activity are logged with the associated authenticated users.
T5: Access Control,T5.5: Operating System Access Control,T5.5.3,User Credentials Management System,The entity shall implement a system for managing user credentials (i.e. passwords). Sub-Control The user credential management system shall: 1) automate the user credential change procedure ensuring the authenticity of the associated user identity; 2) validate that the changed credentials have sufficient strength for their intended use to ensure quality secret authentication; 3) set a maximum lifetime and reuse conditions.
T5: Access Control,T5.5: Operating System Access Control,T5.5.4,Use of System Utilities,The entity shall restrict and control the use of utility programs that might be capable of overriding system and application controls. Sub-Control The entity shall: 1) identify the system utilities and identify the respective appropriate level of protection; 2) keep track of the users access rights provided to the system utilities; 3) restrict use of utility programs only to authorized personnel; 4) monitor the use of utility programs.
T5: Access Control,T5.6: Application and Information Access Control,T5.6.1,Information Access Restriction,The entity shall restrict access to information and application system functions in accordance with the access control policy. Sub-Control The entity shall: 1) ensure access to information and application system functions is restricted; 2) ensure access restriction is based on users’ roles and responsibilities; 3) assign the appropriate level of access rights to information and application functions; 4) for each user and support personnel adjust their access control based on specific business needs.
T5: Access Control,T5.6: Application and Information Access Control,T5.6.2,Sensitive System Isolation,The entity shall build a dedicated environment for sensitive systems. Sub-Control The entity shall: 1) identify sensitive applications and allocate the appropriate resources to ensure their security.
T5: Access Control,T5.6: Application and Information Access Control,T5.6.3,Publicly Accessible Content,The entity shall not expose non-public information to the general public. Sub-Control The entity shall: 1) develop and formalize procedures for the publishing of public information to ensure non-public information is not exposed; 2) adopt procedures to periodically verify if sensitive information is exposed to the general public.
T5: Access Control,T5.7: Mobile Devices Access Control,T5.7.1,Access Control for Mobile Devices,"The entity shall adopt the appropriate security measures to protect against the risks of using portable and mobile devices. Sub-Control The entity shall: 1) establish security measures for usage restrictions, configuration and connection requirements, and implementation guidance for entity-controlled mobile devices in line with the access control policy; 2) authorize connection of mobile devices to organizational information systems in accordance with the established security measures."
T5: Access Control,T5.7: Mobile Devices Access Control,T5.7.2,Teleworking,"The entity shall implement security measures to protect information accessed, processed or stored on teleworking sites. Sub-Control The entity shall: 1) establish security measures for using teleworking in line with the access control policy; 2) authorize the usage of teleworking in accordance with the established security measures."
T5: Teleworking,T5.7.2: Teleworking,T5.7.2,Teleworking,"The entity shall implement security measures to protect information accessed, processed or stored on teleworking sites. The entity shall: 1) establish security measures for using teleworking in line with the access control policy 2) authorize the usage of teleworking in accordance with the established security measures."
T6: Third Party Security,T6.1: Third Party Security Policy,T6.1.1,Third Party Security Policy,"The entity shall establish a third party security policy to facilitate the implementation of the associated controls. The third party security policy shall: 1) be appropriate to the relationship of the entity and the third party 2) include statement of the management commitment, purpose, objective and scope of the policy 3) outline the roles and responsibilities for managing third parties 4) provide the framework for setting information security objectives and/or include information security objectives to be used when engaging third parties 5) be documented and communicated to the third party 6) be read and acknowledged formally by the third party 7) be maintained, reviewed and updated at planned intervals or if significant changes occur."
T6: Third Party Security,T6.2: Third Party Service Delivery Management,T6.2.1,Service Delivery,The entity shall monitor third party service delivery. The entity shall: 1) ensure that security requirements for third parties are included in the service delivery agreement for each party 2) ensure these security requirements are measurable 3) require third parties to measure and report to the entity on these service requirements.
T6: Third Party Security,T6.2: Third Party Service Delivery Management,T6.2.2,Monitoring and Review of Third Party Services,"The entity shall monitor and review the services, reports and records provided by the third party. The entity shall: 1) monitor third party services and ensure required delivery reports are received 2) ensure reports received from third parties are reviewed by qualified personnel 3) ensure that information security incidents and problems identified in the reports are managed properly 4) carry out audits for third party services at a regular basis."
T6: Third Party Security,T6.2: Third Party Service Delivery Management,T6.2.3,Managing Changes to Third Party Services,"The entity shall manage changes to the provision of third party services, including maintaining and improving existing information security policies, procedures and controls. The entity shall: 1) ensure that third party service agreements include a methodology for communicating change management issues between the entity and the third party 2) define the parameters for changes that must be communicated between the entity and the third party 3) assess the changes taking into account the criticality of business systems and processes involved and re-assessment of risks."
T6: Third Party Security,T6.3: Cloud Computing,T6.3.1,Information Security Requirements for Cloud Environments,"The entity shall define information security requirements covering the retention, processing, and storage of data in cloud environments. The entity shall: 1) perform necessary due diligence to determine requirements and restrictions relevant to information processing, storage and retention in the cloud environment 2) include the cloud environment (and, where possible, its components) into the risk assessment process 3) develop and maintain information governance policies and procedures to ensure compliance with identified requirements and risk mitigation strategies 4) ensure information about security incidents that happen at the cloud service provider are communicated 5) where possible, reserve a right to audit the security arrangements in place at cloud service provider."
T6: Third Party Security,T6.3: Cloud Computing,T6.3.2,Service Delivery Agreements with Cloud Providers,The entity shall document relevant security requirements in service delivery agreements with cloud service providers. Each service delivery agreement for cloud services shall include provisions for: 1) understanding and maintaining awareness of where information with applicable restrictions will be stored or transmitted in the cloud environment 2) ensuring appropriate information migration plans at the end of the service period 3) ensuring all other cloud security requirements determined relevant by the entity are included in the service delivery agreement.
